<?xml version="1.0" encoding="utf-8"?>
<graph>
	<general_settings bg_color="ffffff" type_graph="v" />
	<header text="NIM determinants of banks in Western Europe" font="Verdana" color="000000" size="18" />
	<subheader text="Comparative Net interest Margins (in %) for the period 1994-1999" font="Verdana" color="000000" size="12" />
	<legend font="Verdana" color="000000" font_size="11" />
	<legend_popup font="Verdana" bgcolor="FFFFE3" font_size="10" />
	<Xheaders rotate="0" color="000000" size="10" title="Country" title_color="000000" />
	<Yheaders color="000000" size="10" title="Points" title_rotate="90" title_color="000000" />
	<grid grid_width="500" grid_height="250" grid_color="999999" grid_alpha="30" grid_thickness="1" bg_color="ffffff" bg_alpha="70" alternate_bg_color="FFFCF0" border_color="000000" border_thickness="1" />
	<bars view_value="100" width="35" space="0.5" alpha="75" view_double_bar="1" color_double_bar="666666" pieces_grow_bar="50" />
		<data name="Belgium" value="1.29" color="A2D400" />
		<data name="France" value="0.25" color="EA0036" />
		<data name="Germany" value="2.53" color="004EB0" />
		<data name="Greece" value="-1.25" color="FFCC00" />
		<data name="Italy" value="-0.5" color="00B864" />
		<data name="Spain" value="1.35" color="FF7200" />
		<data name="Portugal" value="-0.6" color="5800A2" />
		<data name="UK" value="3.25" color="CCCC00" />
</graph>
