<?xml version="1.0" encoding="utf-8"?>
<graph>
	<general_settings bg_color="ffffff" showAnchor="0" showArea="1" type_animation="2">
		<header text="4-in Submersible Perfomance" font="Verdana" color="000000" size="18" />
		<subheader text="Submersible Pump Perfomance Chart" font="Verdana" color="000000" size="12" />
		<legend font="Verdana" color="000000" font_size="11" />
		<legend_popup font="Verdana" bgcolor="FFFFE3" font_size="10" />
		<Xheaders rotate="90" color="000000" size="10" title="CAPACITY in U.S. GPM" title_color="000000" />
		<Yheaders color="000000" size="10" title="HEAD in FEET" title_rotate="90" title_color="000000" />
		<grid showX="0" showY="1" persent_stepY_from_stepX="50" grid_width="550" grid_height="250" grid_color="FFEFAF" grid_alpha="40" grid_thickness="1" bg_color="ffffff" bg_alpha="100" alternate_bg_color="FFFCF0" border_color="666666" border_thickness="1" />
	</general_settings>
	<abscissa_data>
		<x value="100" />
		<x value="200" />
		<x value="300" />
		<x value="400" />
		<x value="500" />
		<x value="600" />
		<x value="700" />
		<x value="800" />
		<x value="900" />
		<x value="1000" />
	</abscissa_data>
	<ordinate_data seriesName="16S" color="0080C0" size="3.5">
		<y value="2000" />
		<y value="1950" />
		<y value="1920" />
		<y value="1890" />
		<y value="1700" />
		<y value="1200" />
		<y value="1000" />
		<y value="700" />
		<y value="250" />
		<y value="50" />
	</ordinate_data>
	<ordinate_data seriesName="25S" color="FF0000" size="3.5">
		<y value="2500" />
		<y value="1020" />
		<y value="400" />
		<y value="50" />
		<y value="0" />
		<y value="" />
		<y value="" />
		<y value="" />
		<y value="" />
		<y value="" />
	</ordinate_data>
	<ordinate_data seriesName="10S" color="99C50C" size="3.5">
		<y value="2150" />
		<y value="2000" />
		<y value="1700" />
		<y value="1200" />
		<y value="930" />
		<y value="625" />
		<y value="310" />
		<y value="0" />
		<y value="" />
		<y value="" />
	</ordinate_data>
	<ordinate_data seriesName="5S" color="000000" size="3.5">
		<y value="1550" />
		<y value="0" />
	</ordinate_data>
</graph>