﻿<?xml version="1.0" encoding="utf-8"?>
<graph>
	<general_settings bg_color="ffffff" type_graph="v" />
	<header text="Statictic for 192.168.0.1" font="Verdana" color="000000" size="18" />
	<subheader text="Data rates for localhost" font="Verdana" color="000000" size="12" />
	<legend font="Verdana" color="000000" font_size="11" />
	<legend_popup font="Verdana" bgcolor="FFFFE3" font_size="10" />
	<Xheaders rotate="1" color="000000" size="10" title="Badwith In" title_color="000000" />
	<Yheaders color="000000" size="10" title="Data Throughout (rtl0), Mb" title_rotate="90" title_color="000000" />
	<grid grid_width="500" grid_height="250" grid_color="DBDBDB" grid_alpha="30" grid_thickness="1" bg_color="ffffff" bg_alpha="70" alternate_bg_color="F8F8F8" border_color="000000" border_thickness="1" />
	<bars view_value="0" width="1" space="0" alpha="100" view_double_bar="0" color_double_bar="ffffff" pieces_grow_bar="1" />
		<data name="0" value="2686" color="B2B2B2" />
		<data name="1" value="3309" color="B2B2B2" />
		<data name="2" value="3742" color="B2B2B2" />
		<data name="3" value="1878" color="B2B2B2" />
		<data name="4" value="1777" color="B2B2B2" />
		<data name="5" value="1628" color="B2B2B2" />
		<data name="6" value="1516" color="B2B2B2" />
		<data name="7" value="765" color="B2B2B2" />
		<data name="8" value="806" color="B2B2B2" />
		<data name="9" value="409" color="B2B2B2" />
		<data name="10" value="404" color="B2B2B2" />
		<data name="11" value="464" color="B2B2B2" />
		<data name="12" value="754" color="B2B2B2" />
		<data name="13" value="1108" color="B2B2B2" />
		<data name="14" value="1380" color="B2B2B2" />
		<data name="15" value="1510" color="B2B2B2" />
		<data name="16" value="1376" color="B2B2B2" />
		<data name="17" value="1160" color="B2B2B2" />
		<data name="18" value="926" color="B2B2B2" />
		<data name="19" value="522" color="B2B2B2" />
		<data name="20" value="340" color="B2B2B2" />
		<data name="21" value="409" color="B2B2B2" />
		<data name="22" value="435" color="B2B2B2" />
		<data name="23" value="614" color="B2B2B2" />
		<data name="24" value="819" color="B2B2B2" />
		<data name="25" value="934" color="B2B2B2" />
		<data name="26" value="943" color="B2B2B2" />
		<data name="27" value="895" color="B2B2B2" />
		<data name="28" value="843" color="B2B2B2" />
		<data name="29" value="551" color="B2B2B2" />
		<data name="30" value="578" color="B2B2B2" />
		<data name="31" value="858" color="B2B2B2" />
		<data name="32" value="1257" color="B2B2B2" />
		<data name="33" value="1122" color="B2B2B2" />
		<data name="34" value="1168" color="B2B2B2" />
		<data name="35" value="974" color="B2B2B2" />
		<data name="36" value="932" color="B2B2B2" />
		<data name="37" value="903" color="B2B2B2" />
		<data name="38" value="932" color="B2B2B2" />
		<data name="39" value="1067" color="B2B2B2" />
		<data name="40" value="1065" color="B2B2B2" />
		<data name="41" value="1119" color="B2B2B2" />
		<data name="42" value="1081" color="B2B2B2" />
		<data name="43" value="1038" color="B2B2B2" />
		<data name="44" value="1473" color="B2B2B2" />
		<data name="45" value="1298" color="B2B2B2" />
		<data name="46" value="2000" color="B2B2B2" />
		<data name="47" value="1395" color="B2B2B2" />
		<data name="48" value="1605" color="B2B2B2" />
		<data name="49" value="1457" color="B2B2B2" />
		<data name="50" value="1864" color="B2B2B2" />
		<data name="51" value="2308" color="B2B2B2" />
		<data name="52" value="2464" color="B2B2B2" />
		<data name="53" value="2804" color="B2B2B2" />
		<data name="54" value="3157" color="B2B2B2" />
		<data name="55" value="2859" color="B2B2B2" />
		<data name="56" value="2804" color="B2B2B2" />
		<data name="57" value="2089" color="B2B2B2" />
		<data name="58" value="2738" color="B2B2B2" />
		<data name="59" value="2677" color="B2B2B2" />
		<data name="60" value="2993" color="B2B2B2" />
		<data name="61" value="2848" color="B2B2B2" />
		<data name="62" value="3494" color="B2B2B2" />
		<data name="63" value="4676" color="B2B2B2" />
		<data name="64" value="4320" color="B2B2B2" />
		<data name="65" value="2919" color="B2B2B2" />
		<data name="66" value="3192" color="B2B2B2" />
		<data name="67" value="4184" color="B2B2B2" />
		<data name="68" value="4119" color="B2B2B2" />
		<data name="69" value="3764" color="B2B2B2" />
		<data name="70" value="3651" color="B2B2B2" />
		<data name="71" value="3776" color="B2B2B2" />
		<data name="72" value="5845" color="B2B2B2" />
		<data name="73" value="5646" color="B2B2B2" />
		<data name="74" value="4643" color="B2B2B2" />
		<data name="75" value="2951" color="B2B2B2" />
		<data name="76" value="2922" color="B2B2B2" />
		<data name="77" value="4418" color="B2B2B2" />
		<data name="78" value="5855" color="B2B2B2" />
		<data name="79" value="5294" color="B2B2B2" />
		<data name="80" value="3794" color="B2B2B2" />
		<data name="81" value="5162" color="B2B2B2" />
		<data name="82" value="6636" color="B2B2B2" />
		<data name="83" value="7400" color="B2B2B2" />
		<data name="84" value="5135" color="B2B2B2" />
		<data name="85" value="3268" color="B2B2B2" />
		<data name="86" value="2247" color="B2B2B2" />
		<data name="87" value="1662" color="B2B2B2" />
		<data name="88" value="2247" color="B2B2B2" />
		<data name="89" value="2541" color="B2B2B2" />
		<data name="90" value="3123" color="B2B2B2" />
		<data name="91" value="3576" color="B2B2B2" />
		<data name="92" value="3535" color="B2B2B2" />
		<data name="93" value="3045" color="B2B2B2" />
		<data name="94" value="3696" color="B2B2B2" />
		<data name="95" value="4716" color="B2B2B2" />
		<data name="96" value="6258" color="B2B2B2" />
		<data name="97" value="6222" color="B2B2B2" />
		<data name="98" value="3890" color="B2B2B2" />
		<data name="99" value="3018" color="B2B2B2" />
		<data name="100" value="6050" color="B2B2B2" />
		<data name="101" value="7122" color="B2B2B2" />
		<data name="102" value="6898" color="B2B2B2" />
		<data name="103" value="5149" color="B2B2B2" />
		<data name="104" value="5419" color="B2B2B2" />
		<data name="105" value="5295" color="B2B2B2" />
		<data name="106" value="3247" color="B2B2B2" />
		<data name="107" value="2863" color="B2B2B2" />
		<data name="108" value="2599" color="B2B2B2" />
		<data name="109" value="3402" color="B2B2B2" />
		<data name="110" value="2983" color="B2B2B2" />
		<data name="111" value="2931" color="B2B2B2" />
		<data name="112" value="1950" color="B2B2B2" />
		<data name="113" value="2493" color="B2B2B2" />
		<data name="114" value="3000" color="B2B2B2" />
		<data name="115" value="3041" color="B2B2B2" />
		<data name="116" value="4370" color="B2B2B2" />
		<data name="117" value="4803" color="B2B2B2" />
		<data name="118" value="4358" color="B2B2B2" />
		<data name="119" value="3605" color="B2B2B2" />
		<data name="120" value="3508" color="B2B2B2" />
		<data name="121" value="2924" color="B2B2B2" />
		<data name="122" value="2835" color="B2B2B2" />
		<data name="123" value="3078" color="B2B2B2" />
		<data name="124" value="3939" color="B2B2B2" />
		<data name="125" value="5449" color="B2B2B2" />
		<data name="126" value="5359" color="B2B2B2" />
		<data name="127" value="4153" color="B2B2B2" />
		<data name="128" value="2466" color="B2B2B2" />
		<data name="129" value="2654" color="B2B2B2" />
		<data name="130" value="3525" color="B2B2B2" />
		<data name="131" value="3260" color="B2B2B2" />
		<data name="132" value="8273" color="B2B2B2" />
		<data name="133" value="10065" color="B2B2B2" />
		<data name="134" value="9720" color="B2B2B2" />
		<data name="135" value="6082" color="B2B2B2" />
		<data name="136" value="4908" color="B2B2B2" />
		<data name="137" value="4242" color="B2B2B2" />
		<data name="138" value="5012" color="B2B2B2" />
		<data name="139" value="6306" color="B2B2B2" />
		<data name="140" value="7413" color="B2B2B2" />
		<data name="141" value="6811" color="B2B2B2" />
		<data name="142" value="5337" color="B2B2B2" />
		<data name="143" value="3943" color="B2B2B2" />
		<data name="144" value="2988" color="B2B2B2" />
		<data name="145" value="2234" color="B2B2B2" />
		<data name="146" value="1824" color="B2B2B2" />
		<data name="147" value="2264" color="B2B2B2" />
		<data name="148" value="2729" color="B2B2B2" />
		<data name="149" value="3340" color="B2B2B2" />
		<data name="150" value="4348" color="B2B2B2" />
		<data name="151" value="5052" color="B2B2B2" />
		<data name="152" value="3881" color="B2B2B2" />
		<data name="153" value="2220" color="B2B2B2" />
		<data name="154" value="1588" color="B2B2B2" />
		<data name="155" value="2631" color="B2B2B2" />
		<data name="156" value="2501" color="B2B2B2" />
		<data name="157" value="1719" color="B2B2B2" />
		<data name="158" value="1210" color="B2B2B2" />
		<data name="159" value="1212" color="B2B2B2" />
		<data name="160" value="1243" color="B2B2B2" />
		<data name="161" value="1730" color="B2B2B2" />
		<data name="162" value="2719" color="B2B2B2" />
		<data name="163" value="2528" color="B2B2B2" />
		<data name="164" value="2448" color="B2B2B2" />
		<data name="165" value="1747" color="B2B2B2" />
		<data name="166" value="2010" color="B2B2B2" />
		<data name="167" value="2396" color="B2B2B2" />
		<data name="168" value="3059" color="B2B2B2" />
		<data name="169" value="3207" color="B2B2B2" />
		<data name="170" value="3105" color="B2B2B2" />
		<data name="171" value="3526" color="B2B2B2" />
		<data name="172" value="3481" color="B2B2B2" />
		<data name="173" value="2038" color="B2B2B2" />
		<data name="174" value="3050" color="B2B2B2" />
		<data name="175" value="4012" color="B2B2B2" />
		<data name="176" value="5782" color="B2B2B2" />
		<data name="177" value="5953" color="B2B2B2" />
		<data name="178" value="3994" color="B2B2B2" />
		<data name="179" value="2915" color="B2B2B2" />
		<data name="180" value="5628" color="B2B2B2" />
		<data name="181" value="6144" color="B2B2B2" />
		<data name="182" value="4692" color="B2B2B2" />
		<data name="183" value="3987" color="B2B2B2" />
		<data name="184" value="4961" color="B2B2B2" />
		<data name="185" value="5229" color="B2B2B2" />
		<data name="186" value="4732" color="B2B2B2" />
		<data name="187" value="4920" color="B2B2B2" />
		<data name="188" value="4821" color="B2B2B2" />
		<data name="189" value="4067" color="B2B2B2" />
		<data name="190" value="3171" color="B2B2B2" />
		<data name="191" value="3068" color="B2B2B2" />
		<data name="192" value="3708" color="B2B2B2" />
		<data name="193" value="4333" color="B2B2B2" />
		<data name="194" value="4615" color="B2B2B2" />
		<data name="195" value="4063" color="B2B2B2" />
		<data name="196" value="3562" color="B2B2B2" />
		<data name="197" value="3853" color="B2B2B2" />
		<data name="198" value="3696" color="B2B2B2" />
		<data name="199" value="3410" color="B2B2B2" />
		<data name="200" value="2244" color="B2B2B2" />
		<data name="201" value="5618" color="B2B2B2" />
		<data name="202" value="6166" color="B2B2B2" />
		<data name="203" value="5867" color="B2B2B2" />
		<data name="204" value="4270" color="B2B2B2" />
		<data name="205" value="4949" color="B2B2B2" />
		<data name="206" value="5837" color="B2B2B2" />
		<data name="207" value="5365" color="B2B2B2" />
		<data name="208" value="4409" color="B2B2B2" />
		<data name="209" value="3992" color="B2B2B2" />
		<data name="210" value="4210" color="B2B2B2" />
		<data name="211" value="4312" color="B2B2B2" />
		<data name="212" value="4404" color="B2B2B2" />
		<data name="213" value="4252" color="B2B2B2" />
		<data name="214" value="3481" color="B2B2B2" />
		<data name="215" value="2394" color="B2B2B2" />
		<data name="216" value="3664" color="B2B2B2" />
		<data name="217" value="4271" color="B2B2B2" />
		<data name="218" value="5065" color="B2B2B2" />
		<data name="219" value="4334" color="B2B2B2" />
		<data name="220" value="3473" color="B2B2B2" />
		<data name="221" value="2560" color="B2B2B2" />
		<data name="222" value="3437" color="B2B2B2" />
		<data name="223" value="4614" color="B2B2B2" />
		<data name="224" value="4540" color="B2B2B2" />
		<data name="225" value="3752" color="B2B2B2" />
		<data name="226" value="3755" color="B2B2B2" />
		<data name="227" value="4395" color="B2B2B2" />
		<data name="228" value="3806" color="B2B2B2" />
		<data name="229" value="4254" color="B2B2B2" />
		<data name="230" value="4566" color="B2B2B2" />
		<data name="231" value="6209" color="B2B2B2" />
		<data name="232" value="8242" color="B2B2B2" />
		<data name="233" value="8065" color="B2B2B2" />
		<data name="234" value="5761" color="B2B2B2" />
		<data name="235" value="4884" color="B2B2B2" />
		<data name="236" value="6065" color="B2B2B2" />
		<data name="237" value="6699" color="B2B2B2" />
		<data name="238" value="5506" color="B2B2B2" />
		<data name="239" value="3866" color="B2B2B2" />
		<data name="240" value="4318" color="B2B2B2" />
		<data name="241" value="7347" color="B2B2B2" />
		<data name="242" value="8114" color="B2B2B2" />
		<data name="243" value="6034" color="B2B2B2" />
		<data name="244" value="3631" color="B2B2B2" />
		<data name="245" value="2951" color="B2B2B2" />
		<data name="246" value="2214" color="B2B2B2" />
		<data name="247" value="2949" color="B2B2B2" />
		<data name="248" value="3737" color="B2B2B2" />
		<data name="249" value="3450" color="B2B2B2" />
		<data name="250" value="4450" color="B2B2B2" />
		<data name="251" value="4117" color="B2B2B2" />
		<data name="252" value="3822" color="B2B2B2" />
		<data name="253" value="3505" color="B2B2B2" />
		<data name="254" value="4469" color="B2B2B2" />
		<data name="255" value="4361" color="B2B2B2" />
		<data name="256" value="4451" color="B2B2B2" />
		<data name="257" value="6260" color="B2B2B2" />
		<data name="258" value="6088" color="B2B2B2" />
		<data name="259" value="4107" color="B2B2B2" />
		<data name="260" value="2956" color="B2B2B2" />
		<data name="261" value="2672" color="B2B2B2" />
		<data name="262" value="2423" color="B2B2B2" />
		<data name="263" value="5436" color="B2B2B2" />
		<data name="264" value="6803" color="B2B2B2" />
		<data name="265" value="6381" color="B2B2B2" />
		<data name="266" value="5902" color="B2B2B2" />
		<data name="267" value="7348" color="B2B2B2" />
		<data name="268" value="7337" color="B2B2B2" />
		<data name="269" value="3584" color="B2B2B2" />
		<data name="270" value="4073" color="B2B2B2" />
		<data name="271" value="4465" color="B2B2B2" />
		<data name="272" value="4361" color="B2B2B2" />
		<data name="273" value="4254" color="B2B2B2" />
		<data name="274" value="4928" color="B2B2B2" />
		<data name="275" value="4747" color="B2B2B2" />
		<data name="276" value="3915" color="B2B2B2" />
		<data name="277" value="4051" color="B2B2B2" />
		<data name="278" value="5117" color="B2B2B2" />
		<data name="279" value="4998" color="B2B2B2" />
		<data name="280" value="4002" color="B2B2B2" />
		<data name="281" value="4256" color="B2B2B2" />
		<data name="282" value="5937" color="B2B2B2" />
		<data name="283" value="8873" color="B2B2B2" />
		<data name="284" value="7646" color="B2B2B2" />
		<data name="285" value="5887" color="B2B2B2" />
		<data name="286" value="4948" color="B2B2B2" />
		<data name="287" value="5609" color="B2B2B2" />
		<data name="288" value="5101" color="B2B2B2" />
		<data name="289" value="4952" color="B2B2B2" />
		<data name="290" value="5457" color="B2B2B2" />
		<data name="291" value="5209" color="B2B2B2" />
		<data name="292" value="3964" color="B2B2B2" />
		<data name="293" value="3270" color="B2B2B2" />
		<data name="294" value="3535" color="B2B2B2" />
		<data name="295" value="4073" color="B2B2B2" />
		<data name="296" value="5228" color="B2B2B2" />
		<data name="297" value="6475" color="B2B2B2" />
		<data name="298" value="6500" color="B2B2B2" />
		<data name="299" value="4673" color="B2B2B2" />
		<data name="300" value="4603" color="B2B2B2" />
		<data name="301" value="5180" color="B2B2B2" />
		<data name="302" value="7600" color="B2B2B2" />
		<data name="303" value="7447" color="B2B2B2" />
		<data name="304" value="7242" color="B2B2B2" />
		<data name="305" value="7102" color="B2B2B2" />
		<data name="306" value="6573" color="B2B2B2" />
		<data name="307" value="6517" color="B2B2B2" />
		<data name="308" value="6771" color="B2B2B2" />
		<data name="309" value="7590" color="B2B2B2" />
		<data name="310" value="7799" color="B2B2B2" />
		<data name="311" value="8766" color="B2B2B2" />
		<data name="312" value="8536" color="B2B2B2" />
		<data name="313" value="6615" color="B2B2B2" />
		<data name="314" value="5184" color="B2B2B2" />
		<data name="315" value="6668" color="B2B2B2" />
		<data name="316" value="8737" color="B2B2B2" />
		<data name="317" value="8099" color="B2B2B2" />
		<data name="318" value="7776" color="B2B2B2" />
		<data name="319" value="7583" color="B2B2B2" />
		<data name="320" value="6102" color="B2B2B2" />
		<data name="321" value="6386" color="B2B2B2" />
		<data name="322" value="7643" color="B2B2B2" />
		<data name="323" value="8468" color="B2B2B2" />
		<data name="324" value="15333" color="B2B2B2" />
		<data name="325" value="15786" color="B2B2B2" />
		<data name="326" value="12271" color="B2B2B2" />
		<data name="327" value="7108" color="B2B2B2" />
		<data name="328" value="5953" color="B2B2B2" />
		<data name="329" value="5050" color="B2B2B2" />
		<data name="330" value="4526" color="B2B2B2" />
		<data name="331" value="6082" color="B2B2B2" />
		<data name="332" value="10838" color="B2B2B2" />
		<data name="333" value="7549" color="B2B2B2" />
		<data name="334" value="7692" color="B2B2B2" />
		<data name="335" value="5974" color="B2B2B2" />
		<data name="336" value="5612" color="B2B2B2" />
		<data name="337" value="6691" color="B2B2B2" />
		<data name="338" value="6194" color="B2B2B2" />
		<data name="339" value="6627" color="B2B2B2" />
		<data name="340" value="6863" color="B2B2B2" />
		<data name="341" value="6012" color="B2B2B2" />
		<data name="342" value="4258" color="B2B2B2" />
		<data name="343" value="4140" color="B2B2B2" />
		<data name="344" value="5362" color="B2B2B2" />
		<data name="345" value="7243" color="B2B2B2" />
		<data name="346" value="7958" color="B2B2B2" />
		<data name="347" value="6132" color="B2B2B2" />
		<data name="348" value="5419" color="B2B2B2" />
		<data name="349" value="6417" color="B2B2B2" />
		<data name="350" value="7488" color="B2B2B2" />
		<data name="351" value="8653" color="B2B2B2" />
		<data name="352" value="9606" color="B2B2B2" />
		<data name="353" value="9783" color="B2B2B2" />
		<data name="354" value="8092" color="B2B2B2" />
		<data name="355" value="7770" color="B2B2B2" />
		<data name="356" value="8787" color="B2B2B2" />
		<data name="357" value="8590" color="B2B2B2" />
		<data name="358" value="6573" color="B2B2B2" />
		<data name="359" value="4725" color="B2B2B2" />
		<data name="360" value="5554" color="B2B2B2" />
		<data name="361" value="6778" color="B2B2B2" />
		<data name="362" value="6486" color="B2B2B2" />
		<data name="363" value="6743" color="B2B2B2" />
		<data name="364" value="7395" color="B2B2B2" />
		<data name="365" value="7804" color="B2B2B2" />
		<data name="366" value="5933" color="B2B2B2" />
		<data name="367" value="5160" color="B2B2B2" />
		<data name="368" value="5971" color="B2B2B2" />
		<data name="369" value="8184" color="B2B2B2" />
		<data name="370" value="8211" color="B2B2B2" />
		<data name="371" value="7568" color="B2B2B2" />
		<data name="372" value="11094" color="B2B2B2" />
		<data name="373" value="10982" color="B2B2B2" />
		<data name="374" value="8445" color="B2B2B2" />
		<data name="375" value="5580" color="B2B2B2" />
		<data name="376" value="7487" color="B2B2B2" />
		<data name="377" value="8768" color="B2B2B2" />
		<data name="378" value="7637" color="B2B2B2" />
		<data name="379" value="4564" color="B2B2B2" />
		<data name="380" value="3583" color="B2B2B2" />
		<data name="381" value="4013" color="B2B2B2" />
		<data name="382" value="5183" color="B2B2B2" />
		<data name="383" value="6030" color="B2B2B2" />
		<data name="384" value="6404" color="B2B2B2" />
		<data name="385" value="6049" color="B2B2B2" />
		<data name="386" value="5391" color="B2B2B2" />
		<data name="387" value="4997" color="B2B2B2" />
		<data name="388" value="5198" color="B2B2B2" />
		<data name="389" value="4875" color="B2B2B2" />
		<data name="390" value="3675" color="B2B2B2" />
		<data name="391" value="3845" color="B2B2B2" />
		<data name="392" value="4573" color="B2B2B2" />
		<data name="393" value="6190" color="B2B2B2" />
		<data name="394" value="6291" color="B2B2B2" />
		<data name="395" value="5683" color="B2B2B2" />
		<data name="396" value="5322" color="B2B2B2" />
		<data name="397" value="5023" color="B2B2B2" />
		<data name="398" value="4112" color="B2B2B2" />
		<data name="399" value="6237" color="B2B2B2" />
		<data name="400" value="8640" color="B2B2B2" />
		<data name="401" value="9770" color="B2B2B2" />
		<data name="402" value="6499" color="B2B2B2" />
		<data name="403" value="4854" color="B2B2B2" />
		<data name="404" value="4618" color="B2B2B2" />
		<data name="405" value="6114" color="B2B2B2" />
		<data name="406" value="7516" color="B2B2B2" />
		<data name="407" value="7462" color="B2B2B2" />
		<data name="408" value="7013" color="B2B2B2" />
		<data name="409" value="6269" color="B2B2B2" />
		<data name="410" value="7764" color="B2B2B2" />
		<data name="411" value="7911" color="B2B2B2" />
		<data name="412" value="5839" color="B2B2B2" />
		<data name="413" value="5560" color="B2B2B2" />
		<data name="414" value="5707" color="B2B2B2" />
		<data name="415" value="5941" color="B2B2B2" />
		<data name="416" value="5542" color="B2B2B2" />
		<data name="417" value="5964" color="B2B2B2" />
		<data name="418" value="6443" color="B2B2B2" />
		<data name="419" value="6061" color="B2B2B2" />
		<data name="420" value="6144" color="B2B2B2" />
		<data name="421" value="6348" color="B2B2B2" />
		<data name="422" value="6358" color="B2B2B2" />
		<data name="423" value="6063" color="B2B2B2" />
		<data name="424" value="6675" color="B2B2B2" />
		<data name="425" value="5975" color="B2B2B2" />
		<data name="426" value="4994" color="B2B2B2" />
		<data name="427" value="5331" color="B2B2B2" />
		<data name="428" value="5745" color="B2B2B2" />
		<data name="429" value="6643" color="B2B2B2" />
		<data name="430" value="8354" color="B2B2B2" />
		<data name="431" value="8578" color="B2B2B2" />
		<data name="432" value="6346" color="B2B2B2" />
		<data name="433" value="5525" color="B2B2B2" />
		<data name="434" value="5246" color="B2B2B2" />
		<data name="435" value="4500" color="B2B2B2" />
		<data name="436" value="4489" color="B2B2B2" />
		<data name="437" value="4225" color="B2B2B2" />
		<data name="438" value="4393" color="B2B2B2" />
		<data name="439" value="6338" color="B2B2B2" />
		<data name="440" value="6873" color="B2B2B2" />
		<data name="441" value="5396" color="B2B2B2" />
		<data name="442" value="3574" color="B2B2B2" />
		<data name="443" value="3980" color="B2B2B2" />
		<data name="444" value="5234" color="B2B2B2" />
		<data name="445" value="4964" color="B2B2B2" />
		<data name="446" value="3404" color="B2B2B2" />
		<data name="447" value="3491" color="B2B2B2" />
		<data name="448" value="4250" color="B2B2B2" />
		<data name="449" value="4205" color="B2B2B2" />
		<data name="450" value="3498" color="B2B2B2" />
		<data name="451" value="2743" color="B2B2B2" />
		<data name="452" value="3659" color="B2B2B2" />
		<data name="453" value="4643" color="B2B2B2" />
		<data name="454" value="5894" color="B2B2B2" />
		<data name="455" value="6176" color="B2B2B2" />
		<data name="456" value="5350" color="B2B2B2" />
		<data name="457" value="3813" color="B2B2B2" />
		<data name="458" value="3565" color="B2B2B2" />
		<data name="459" value="8213" color="B2B2B2" />
		<data name="460" value="9308" color="B2B2B2" />
		<data name="461" value="9000" color="B2B2B2" />
		<data name="462" value="5776" color="B2B2B2" />
		<data name="463" value="6223" color="B2B2B2" />
		<data name="464" value="6252" color="B2B2B2" />
		<data name="465" value="5694" color="B2B2B2" />
		<data name="466" value="5287" color="B2B2B2" />
		<data name="467" value="4973" color="B2B2B2" />
		<data name="468" value="5449" color="B2B2B2" />
		<data name="469" value="6942" color="B2B2B2" />
		<data name="470" value="8883" color="B2B2B2" />
		<data name="471" value="8045" color="B2B2B2" />
		<data name="472" value="7651" color="B2B2B2" />
		<data name="473" value="7076" color="B2B2B2" />
		<data name="474" value="7005" color="B2B2B2" />
		<data name="475" value="7320" color="B2B2B2" />
		<data name="476" value="7244" color="B2B2B2" />
		<data name="477" value="7292" color="B2B2B2" />
		<data name="478" value="7982" color="B2B2B2" />
		<data name="479" value="8435" color="B2B2B2" />
		<data name="480" value="7820" color="B2B2B2" />
		<data name="481" value="5404" color="B2B2B2" />
		<data name="482" value="5110" color="B2B2B2" />
		<data name="483" value="5797" color="B2B2B2" />
		<data name="484" value="7102" color="B2B2B2" />
		<data name="485" value="6317" color="B2B2B2" />
		<data name="486" value="6162" color="B2B2B2" />
		<data name="487" value="6851" color="B2B2B2" />
		<data name="488" value="6897" color="B2B2B2" />
		<data name="489" value="5152" color="B2B2B2" />
		<data name="490" value="5309" color="B2B2B2" />
		<data name="491" value="9049" color="B2B2B2" />
		<data name="492" value="9733" color="B2B2B2" />
		<data name="493" value="7419" color="B2B2B2" />
		<data name="494" value="7821" color="B2B2B2" />
		<data name="495" value="7230" color="B2B2B2" />
		<data name="496" value="5605" color="B2B2B2" />
		<data name="497" value="4761" color="B2B2B2" />
		<data name="498" value="3844" color="B2B2B2" />
		<data name="499" value="4404" color="B2B2B2" />
		<data name="0" value="2686" color="B2B2B2" />
		<data name="1" value="3309" color="B2B2B2" />
		<data name="2" value="3742" color="B2B2B2" />
		<data name="3" value="1878" color="B2B2B2" />
		<data name="4" value="1777" color="B2B2B2" />
		<data name="5" value="1628" color="B2B2B2" />
		<data name="6" value="1516" color="B2B2B2" />
		<data name="7" value="765" color="B2B2B2" />
		<data name="8" value="806" color="B2B2B2" />
		<data name="9" value="409" color="B2B2B2" />
		<data name="10" value="404" color="B2B2B2" />
		<data name="11" value="464" color="B2B2B2" />
		<data name="12" value="754" color="B2B2B2" />
		<data name="13" value="1108" color="B2B2B2" />
		<data name="14" value="1380" color="B2B2B2" />
		<data name="15" value="1510" color="B2B2B2" />
		<data name="16" value="1376" color="B2B2B2" />
		<data name="17" value="1160" color="B2B2B2" />
		<data name="18" value="926" color="B2B2B2" />
		<data name="19" value="522" color="B2B2B2" />
		<data name="20" value="340" color="B2B2B2" />
		<data name="21" value="409" color="B2B2B2" />
		<data name="22" value="435" color="B2B2B2" />
		<data name="23" value="614" color="B2B2B2" />
		<data name="24" value="819" color="B2B2B2" />
		<data name="25" value="934" color="B2B2B2" />
		<data name="26" value="943" color="B2B2B2" />
		<data name="27" value="895" color="B2B2B2" />
		<data name="28" value="843" color="B2B2B2" />
		<data name="29" value="551" color="B2B2B2" />
		<data name="30" value="578" color="B2B2B2" />
		<data name="31" value="858" color="B2B2B2" />
		<data name="32" value="1257" color="B2B2B2" />
		<data name="33" value="1122" color="B2B2B2" />
		<data name="34" value="1168" color="B2B2B2" />
		<data name="35" value="974" color="B2B2B2" />
		<data name="36" value="932" color="B2B2B2" />
		<data name="37" value="903" color="B2B2B2" />
		<data name="38" value="932" color="B2B2B2" />
		<data name="39" value="1067" color="B2B2B2" />
		<data name="40" value="1065" color="B2B2B2" />
		<data name="41" value="1119" color="B2B2B2" />
		<data name="42" value="1081" color="B2B2B2" />
		<data name="43" value="1038" color="B2B2B2" />
		<data name="44" value="1473" color="B2B2B2" />
		<data name="45" value="1298" color="B2B2B2" />
		<data name="46" value="2000" color="B2B2B2" />
		<data name="47" value="1395" color="B2B2B2" />
		<data name="48" value="1605" color="B2B2B2" />
		<data name="49" value="1457" color="B2B2B2" />
		<data name="50" value="1864" color="B2B2B2" />
		<data name="51" value="2308" color="B2B2B2" />
		<data name="52" value="2464" color="B2B2B2" />
		<data name="53" value="2804" color="B2B2B2" />
		<data name="54" value="3157" color="B2B2B2" />
		<data name="55" value="2859" color="B2B2B2" />
		<data name="56" value="2804" color="B2B2B2" />
		<data name="57" value="2089" color="B2B2B2" />
		<data name="58" value="2738" color="B2B2B2" />
		<data name="59" value="2677" color="B2B2B2" />
		<data name="60" value="2993" color="B2B2B2" />
		<data name="61" value="2848" color="B2B2B2" />
		<data name="62" value="3494" color="B2B2B2" />
		<data name="63" value="4676" color="B2B2B2" />
		<data name="64" value="4320" color="B2B2B2" />
		<data name="65" value="2919" color="B2B2B2" />
		<data name="66" value="3192" color="B2B2B2" />
		<data name="67" value="4184" color="B2B2B2" />
		<data name="68" value="4119" color="B2B2B2" />
		<data name="69" value="3764" color="B2B2B2" />
		<data name="70" value="3651" color="B2B2B2" />
		<data name="71" value="3776" color="B2B2B2" />
		<data name="72" value="5845" color="B2B2B2" />
		<data name="73" value="5646" color="B2B2B2" />
		<data name="74" value="4643" color="B2B2B2" />
		<data name="75" value="2951" color="B2B2B2" />
		<data name="76" value="2922" color="B2B2B2" />
		<data name="77" value="4418" color="B2B2B2" />
		<data name="78" value="5855" color="B2B2B2" />
		<data name="79" value="5294" color="B2B2B2" />
		<data name="80" value="3794" color="B2B2B2" />
		<data name="81" value="5162" color="B2B2B2" />
		<data name="82" value="6636" color="B2B2B2" />
		<data name="83" value="7400" color="B2B2B2" />
		<data name="84" value="5135" color="B2B2B2" />
		<data name="85" value="3268" color="B2B2B2" />
		<data name="86" value="2247" color="B2B2B2" />
		<data name="87" value="1662" color="B2B2B2" />
		<data name="88" value="2247" color="B2B2B2" />
		<data name="89" value="2541" color="B2B2B2" />
		<data name="90" value="3123" color="B2B2B2" />
		<data name="91" value="3576" color="B2B2B2" />
		<data name="92" value="3535" color="B2B2B2" />
		<data name="93" value="3045" color="B2B2B2" />
		<data name="94" value="3696" color="B2B2B2" />
		<data name="95" value="4716" color="B2B2B2" />
		<data name="96" value="6258" color="B2B2B2" />
		<data name="97" value="6222" color="B2B2B2" />
		<data name="98" value="3890" color="B2B2B2" />
		<data name="99" value="3018" color="B2B2B2" />
		<data name="100" value="6050" color="B2B2B2" />
		<data name="101" value="7122" color="B2B2B2" />
		<data name="102" value="6898" color="B2B2B2" />
		<data name="103" value="5149" color="B2B2B2" />
		<data name="104" value="5419" color="B2B2B2" />
		<data name="105" value="5295" color="B2B2B2" />
		<data name="106" value="3247" color="B2B2B2" />
		<data name="107" value="2863" color="B2B2B2" />
		<data name="108" value="2599" color="B2B2B2" />
		<data name="109" value="3402" color="B2B2B2" />
		<data name="110" value="2983" color="B2B2B2" />
		<data name="111" value="2931" color="B2B2B2" />
		<data name="112" value="1950" color="B2B2B2" />
		<data name="113" value="2493" color="B2B2B2" />
		<data name="114" value="3000" color="B2B2B2" />
		<data name="115" value="3041" color="B2B2B2" />
		<data name="116" value="4370" color="B2B2B2" />
		<data name="117" value="4803" color="B2B2B2" />
		<data name="118" value="4358" color="B2B2B2" />
		<data name="119" value="3605" color="B2B2B2" />
		<data name="120" value="3508" color="B2B2B2" />
		<data name="121" value="2924" color="B2B2B2" />
		<data name="122" value="2835" color="B2B2B2" />
		<data name="123" value="3078" color="B2B2B2" />
		<data name="124" value="3939" color="B2B2B2" />
		<data name="125" value="5449" color="B2B2B2" />
		<data name="126" value="5359" color="B2B2B2" />
		<data name="127" value="4153" color="B2B2B2" />
		<data name="128" value="2466" color="B2B2B2" />
		<data name="129" value="2654" color="B2B2B2" />
		<data name="130" value="3525" color="B2B2B2" />
		<data name="131" value="3260" color="B2B2B2" />
		<data name="132" value="8273" color="B2B2B2" />
		<data name="133" value="10065" color="B2B2B2" />
		<data name="134" value="9720" color="B2B2B2" />
		<data name="135" value="6082" color="B2B2B2" />
		<data name="136" value="4908" color="B2B2B2" />
		<data name="137" value="4242" color="B2B2B2" />
		<data name="138" value="5012" color="B2B2B2" />
		<data name="139" value="6306" color="B2B2B2" />
		<data name="140" value="7413" color="B2B2B2" />
		<data name="141" value="6811" color="B2B2B2" />
		<data name="142" value="5337" color="B2B2B2" />
		<data name="143" value="3943" color="B2B2B2" />
		<data name="144" value="2988" color="B2B2B2" />
		<data name="145" value="2234" color="B2B2B2" />
		<data name="146" value="1824" color="B2B2B2" />
		<data name="147" value="2264" color="B2B2B2" />
		<data name="148" value="2729" color="B2B2B2" />
		<data name="149" value="3340" color="B2B2B2" />
		<data name="150" value="4348" color="B2B2B2" />
		<data name="151" value="5052" color="B2B2B2" />
		<data name="152" value="3881" color="B2B2B2" />
		<data name="153" value="2220" color="B2B2B2" />
		<data name="154" value="1588" color="B2B2B2" />
		<data name="155" value="2631" color="B2B2B2" />
		<data name="156" value="2501" color="B2B2B2" />
		<data name="157" value="1719" color="B2B2B2" />
		<data name="158" value="1210" color="B2B2B2" />
		<data name="159" value="1212" color="B2B2B2" />
		<data name="160" value="1243" color="B2B2B2" />
		<data name="161" value="1730" color="B2B2B2" />
		<data name="162" value="2719" color="B2B2B2" />
		<data name="163" value="2528" color="B2B2B2" />
		<data name="164" value="2448" color="B2B2B2" />
		<data name="165" value="1747" color="B2B2B2" />
		<data name="166" value="2010" color="B2B2B2" />
		<data name="167" value="2396" color="B2B2B2" />
		<data name="168" value="3059" color="B2B2B2" />
		<data name="169" value="3207" color="B2B2B2" />
		<data name="170" value="3105" color="B2B2B2" />
		<data name="171" value="3526" color="B2B2B2" />
		<data name="172" value="3481" color="B2B2B2" />
		<data name="173" value="2038" color="B2B2B2" />
		<data name="174" value="3050" color="B2B2B2" />
		<data name="175" value="4012" color="B2B2B2" />
		<data name="176" value="5782" color="B2B2B2" />
		<data name="177" value="5953" color="B2B2B2" />
		<data name="178" value="3994" color="B2B2B2" />
		<data name="179" value="2915" color="B2B2B2" />
		<data name="180" value="5628" color="B2B2B2" />
		<data name="181" value="6144" color="B2B2B2" />
		<data name="182" value="4692" color="B2B2B2" />
		<data name="183" value="3987" color="B2B2B2" />
		<data name="184" value="4961" color="B2B2B2" />
		<data name="185" value="5229" color="B2B2B2" />
		<data name="186" value="4732" color="B2B2B2" />
		<data name="187" value="4920" color="B2B2B2" />
		<data name="188" value="4821" color="B2B2B2" />
		<data name="189" value="4067" color="B2B2B2" />
		<data name="190" value="3171" color="B2B2B2" />
		<data name="191" value="3068" color="B2B2B2" />
		<data name="192" value="3708" color="B2B2B2" />
		<data name="193" value="4333" color="B2B2B2" />
		<data name="194" value="4615" color="B2B2B2" />
		<data name="195" value="4063" color="B2B2B2" />
		<data name="196" value="3562" color="B2B2B2" />
		<data name="197" value="3853" color="B2B2B2" />
		<data name="198" value="3696" color="B2B2B2" />
		<data name="199" value="3410" color="B2B2B2" />
		<data name="200" value="2244" color="B2B2B2" />
		<data name="201" value="5618" color="B2B2B2" />
		<data name="202" value="6166" color="B2B2B2" />
		<data name="203" value="5867" color="B2B2B2" />
		<data name="204" value="4270" color="B2B2B2" />
		<data name="205" value="4949" color="B2B2B2" />
		<data name="206" value="5837" color="B2B2B2" />
		<data name="207" value="5365" color="B2B2B2" />
		<data name="208" value="4409" color="B2B2B2" />
		<data name="209" value="3992" color="B2B2B2" />
		<data name="210" value="4210" color="B2B2B2" />
		<data name="211" value="4312" color="B2B2B2" />
		<data name="212" value="4404" color="B2B2B2" />
		<data name="213" value="4252" color="B2B2B2" />
		<data name="214" value="3481" color="B2B2B2" />
		<data name="215" value="2394" color="B2B2B2" />
		<data name="216" value="3664" color="B2B2B2" />
		<data name="217" value="4271" color="B2B2B2" />
		<data name="218" value="5065" color="B2B2B2" />
		<data name="219" value="4334" color="B2B2B2" />
		<data name="220" value="3473" color="B2B2B2" />
		<data name="221" value="2560" color="B2B2B2" />
		<data name="222" value="3437" color="B2B2B2" />
		<data name="223" value="4614" color="B2B2B2" />
		<data name="224" value="4540" color="B2B2B2" />
		<data name="225" value="3752" color="B2B2B2" />
		<data name="226" value="3755" color="B2B2B2" />
		<data name="227" value="4395" color="B2B2B2" />
		<data name="228" value="3806" color="B2B2B2" />
		<data name="229" value="4254" color="B2B2B2" />
		<data name="230" value="4566" color="B2B2B2" />
		<data name="231" value="6209" color="B2B2B2" />
		<data name="232" value="8242" color="B2B2B2" />
		<data name="233" value="8065" color="B2B2B2" />
		<data name="234" value="5761" color="B2B2B2" />
		<data name="235" value="4884" color="B2B2B2" />
		<data name="236" value="6065" color="B2B2B2" />
		<data name="237" value="6699" color="B2B2B2" />
		<data name="238" value="5506" color="B2B2B2" />
		<data name="239" value="3866" color="B2B2B2" />
		<data name="240" value="4318" color="B2B2B2" />
		<data name="241" value="7347" color="B2B2B2" />
		<data name="242" value="8114" color="B2B2B2" />
		<data name="243" value="6034" color="B2B2B2" />
		<data name="244" value="3631" color="B2B2B2" />
		<data name="245" value="2951" color="B2B2B2" />
		<data name="246" value="2214" color="B2B2B2" />
		<data name="247" value="2949" color="B2B2B2" />
		<data name="248" value="3737" color="B2B2B2" />
		<data name="249" value="3450" color="B2B2B2" />
		<data name="250" value="4450" color="B2B2B2" />
		<data name="251" value="4117" color="B2B2B2" />
		<data name="252" value="3822" color="B2B2B2" />
		<data name="253" value="3505" color="B2B2B2" />
		<data name="254" value="4469" color="B2B2B2" />
		<data name="255" value="4361" color="B2B2B2" />
		<data name="256" value="4451" color="B2B2B2" />
		<data name="257" value="6260" color="B2B2B2" />
		<data name="258" value="6088" color="B2B2B2" />
		<data name="259" value="4107" color="B2B2B2" />
		<data name="260" value="2956" color="B2B2B2" />
		<data name="261" value="2672" color="B2B2B2" />
		<data name="262" value="2423" color="B2B2B2" />
		<data name="263" value="5436" color="B2B2B2" />
		<data name="264" value="6803" color="B2B2B2" />
		<data name="265" value="6381" color="B2B2B2" />
		<data name="266" value="5902" color="B2B2B2" />
		<data name="267" value="7348" color="B2B2B2" />
		<data name="268" value="7337" color="B2B2B2" />
		<data name="269" value="3584" color="B2B2B2" />
		<data name="270" value="4073" color="B2B2B2" />
		<data name="271" value="4465" color="B2B2B2" />
		<data name="272" value="4361" color="B2B2B2" />
		<data name="273" value="4254" color="B2B2B2" />
		<data name="274" value="4928" color="B2B2B2" />
		<data name="275" value="4747" color="B2B2B2" />
		<data name="276" value="3915" color="B2B2B2" />
		<data name="277" value="4051" color="B2B2B2" />
		<data name="278" value="5117" color="B2B2B2" />
		<data name="279" value="4998" color="B2B2B2" />
		<data name="280" value="4002" color="B2B2B2" />
		<data name="281" value="4256" color="B2B2B2" />
		<data name="282" value="5937" color="B2B2B2" />
		<data name="283" value="8873" color="B2B2B2" />
		<data name="284" value="7646" color="B2B2B2" />
		<data name="285" value="5887" color="B2B2B2" />
		<data name="286" value="4948" color="B2B2B2" />
		<data name="287" value="5609" color="B2B2B2" />
		<data name="288" value="5101" color="B2B2B2" />
		<data name="289" value="4952" color="B2B2B2" />
		<data name="290" value="5457" color="B2B2B2" />
		<data name="291" value="5209" color="B2B2B2" />
		<data name="292" value="3964" color="B2B2B2" />
		<data name="293" value="3270" color="B2B2B2" />
		<data name="294" value="3535" color="B2B2B2" />
		<data name="295" value="4073" color="B2B2B2" />
		<data name="296" value="5228" color="B2B2B2" />
		<data name="297" value="6475" color="B2B2B2" />
		<data name="298" value="6500" color="B2B2B2" />
		<data name="299" value="4673" color="B2B2B2" />
		<data name="300" value="4603" color="B2B2B2" />
		<data name="301" value="5180" color="B2B2B2" />
		<data name="302" value="7600" color="B2B2B2" />
		<data name="303" value="7447" color="B2B2B2" />
		<data name="304" value="7242" color="B2B2B2" />
		<data name="305" value="7102" color="B2B2B2" />
		<data name="306" value="6573" color="B2B2B2" />
		<data name="307" value="6517" color="B2B2B2" />
		<data name="308" value="6771" color="B2B2B2" />
		<data name="309" value="7590" color="B2B2B2" />
		<data name="310" value="7799" color="B2B2B2" />
		<data name="311" value="8766" color="B2B2B2" />
		<data name="312" value="8536" color="B2B2B2" />
		<data name="313" value="6615" color="B2B2B2" />
		<data name="314" value="5184" color="B2B2B2" />
		<data name="315" value="6668" color="B2B2B2" />
		<data name="316" value="8737" color="B2B2B2" />
		<data name="317" value="8099" color="B2B2B2" />
		<data name="318" value="7776" color="B2B2B2" />
		<data name="319" value="7583" color="B2B2B2" />
		<data name="320" value="6102" color="B2B2B2" />
		<data name="321" value="6386" color="B2B2B2" />
		<data name="322" value="7643" color="B2B2B2" />
		<data name="323" value="8468" color="B2B2B2" />
		<data name="324" value="15333" color="B2B2B2" />
		<data name="325" value="15786" color="B2B2B2" />
		<data name="326" value="12271" color="B2B2B2" />
		<data name="327" value="7108" color="B2B2B2" />
		<data name="328" value="5953" color="B2B2B2" />
		<data name="329" value="5050" color="B2B2B2" />
		<data name="330" value="4526" color="B2B2B2" />
		<data name="331" value="6082" color="B2B2B2" />
		<data name="332" value="10838" color="B2B2B2" />
		<data name="333" value="7549" color="B2B2B2" />
		<data name="334" value="7692" color="B2B2B2" />
		<data name="335" value="5974" color="B2B2B2" />
		<data name="336" value="5612" color="B2B2B2" />
		<data name="337" value="6691" color="B2B2B2" />
		<data name="338" value="6194" color="B2B2B2" />
		<data name="339" value="6627" color="B2B2B2" />
		<data name="340" value="6863" color="B2B2B2" />
		<data name="341" value="6012" color="B2B2B2" />
		<data name="342" value="4258" color="B2B2B2" />
		<data name="343" value="4140" color="B2B2B2" />
		<data name="344" value="5362" color="B2B2B2" />
		<data name="345" value="7243" color="B2B2B2" />
		<data name="346" value="7958" color="B2B2B2" />
		<data name="347" value="6132" color="B2B2B2" />
		<data name="348" value="5419" color="B2B2B2" />
		<data name="349" value="6417" color="B2B2B2" />
		<data name="350" value="7488" color="B2B2B2" />
		<data name="351" value="8653" color="B2B2B2" />
		<data name="352" value="9606" color="B2B2B2" />
		<data name="353" value="9783" color="B2B2B2" />
		<data name="354" value="8092" color="B2B2B2" />
		<data name="355" value="7770" color="B2B2B2" />
		<data name="356" value="8787" color="B2B2B2" />
		<data name="357" value="8590" color="B2B2B2" />
		<data name="358" value="6573" color="B2B2B2" />
		<data name="359" value="4725" color="B2B2B2" />
		<data name="360" value="5554" color="B2B2B2" />
		<data name="361" value="6778" color="B2B2B2" />
		<data name="362" value="6486" color="B2B2B2" />
		<data name="363" value="6743" color="B2B2B2" />
		<data name="364" value="7395" color="B2B2B2" />
		<data name="365" value="7804" color="B2B2B2" />
		<data name="366" value="5933" color="B2B2B2" />
		<data name="367" value="5160" color="B2B2B2" />
		<data name="368" value="5971" color="B2B2B2" />
		<data name="369" value="8184" color="B2B2B2" />
		<data name="370" value="8211" color="B2B2B2" />
		<data name="371" value="7568" color="B2B2B2" />
		<data name="372" value="11094" color="B2B2B2" />
		<data name="373" value="10982" color="B2B2B2" />
		<data name="374" value="8445" color="B2B2B2" />
		<data name="375" value="5580" color="B2B2B2" />
		<data name="376" value="7487" color="B2B2B2" />
		<data name="377" value="8768" color="B2B2B2" />
		<data name="378" value="7637" color="B2B2B2" />
		<data name="379" value="4564" color="B2B2B2" />
		<data name="380" value="3583" color="B2B2B2" />
		<data name="381" value="4013" color="B2B2B2" />
		<data name="382" value="5183" color="B2B2B2" />
		<data name="383" value="6030" color="B2B2B2" />
		<data name="384" value="6404" color="B2B2B2" />
		<data name="385" value="6049" color="B2B2B2" />
		<data name="386" value="5391" color="B2B2B2" />
		<data name="387" value="4997" color="B2B2B2" />
		<data name="388" value="5198" color="B2B2B2" />
		<data name="389" value="4875" color="B2B2B2" />
		<data name="390" value="3675" color="B2B2B2" />
		<data name="391" value="3845" color="B2B2B2" />
		<data name="392" value="4573" color="B2B2B2" />
		<data name="393" value="6190" color="B2B2B2" />
		<data name="394" value="6291" color="B2B2B2" />
		<data name="395" value="5683" color="B2B2B2" />
		<data name="396" value="5322" color="B2B2B2" />
		<data name="397" value="5023" color="B2B2B2" />
		<data name="398" value="4112" color="B2B2B2" />
		<data name="399" value="6237" color="B2B2B2" />
		<data name="400" value="8640" color="B2B2B2" />
		<data name="401" value="9770" color="B2B2B2" />
		<data name="402" value="6499" color="B2B2B2" />
		<data name="403" value="4854" color="B2B2B2" />
		<data name="404" value="4618" color="B2B2B2" />
		<data name="405" value="6114" color="B2B2B2" />
		<data name="406" value="7516" color="B2B2B2" />
		<data name="407" value="7462" color="B2B2B2" />
		<data name="408" value="7013" color="B2B2B2" />
		<data name="409" value="6269" color="B2B2B2" />
		<data name="410" value="7764" color="B2B2B2" />
		<data name="411" value="7911" color="B2B2B2" />
		<data name="412" value="5839" color="B2B2B2" />
		<data name="413" value="5560" color="B2B2B2" />
		<data name="414" value="5707" color="B2B2B2" />
		<data name="415" value="5941" color="B2B2B2" />
		<data name="416" value="5542" color="B2B2B2" />
		<data name="417" value="5964" color="B2B2B2" />
		<data name="418" value="6443" color="B2B2B2" />
		<data name="419" value="6061" color="B2B2B2" />
		<data name="420" value="6144" color="B2B2B2" />
		<data name="421" value="6348" color="B2B2B2" />
		<data name="422" value="6358" color="B2B2B2" />
		<data name="423" value="6063" color="B2B2B2" />
		<data name="424" value="6675" color="B2B2B2" />
		<data name="425" value="5975" color="B2B2B2" />
		<data name="426" value="4994" color="B2B2B2" />
		<data name="427" value="5331" color="B2B2B2" />
		<data name="428" value="5745" color="B2B2B2" />
		<data name="429" value="6643" color="B2B2B2" />
		<data name="430" value="8354" color="B2B2B2" />
		<data name="431" value="8578" color="B2B2B2" />
		<data name="432" value="6346" color="B2B2B2" />
		<data name="433" value="5525" color="B2B2B2" />
		<data name="434" value="5246" color="B2B2B2" />
		<data name="435" value="4500" color="B2B2B2" />
		<data name="436" value="4489" color="B2B2B2" />
		<data name="437" value="4225" color="B2B2B2" />
		<data name="438" value="4393" color="B2B2B2" />
		<data name="439" value="6338" color="B2B2B2" />
		<data name="440" value="6873" color="B2B2B2" />
		<data name="441" value="5396" color="B2B2B2" />
		<data name="442" value="3574" color="B2B2B2" />
		<data name="443" value="3980" color="B2B2B2" />
		<data name="444" value="5234" color="B2B2B2" />
		<data name="445" value="4964" color="B2B2B2" />
		<data name="446" value="3404" color="B2B2B2" />
		<data name="447" value="3491" color="B2B2B2" />
		<data name="448" value="4250" color="B2B2B2" />
		<data name="449" value="4205" color="B2B2B2" />
		<data name="450" value="3498" color="B2B2B2" />
		<data name="451" value="2743" color="B2B2B2" />
		<data name="452" value="3659" color="B2B2B2" />
		<data name="453" value="4643" color="B2B2B2" />
		<data name="454" value="5894" color="B2B2B2" />
		<data name="455" value="6176" color="B2B2B2" />
		<data name="456" value="5350" color="B2B2B2" />
		<data name="457" value="3813" color="B2B2B2" />
		<data name="458" value="3565" color="B2B2B2" />
		<data name="459" value="8213" color="B2B2B2" />
		<data name="460" value="9308" color="B2B2B2" />
		<data name="461" value="9000" color="B2B2B2" />
		<data name="462" value="5776" color="B2B2B2" />
		<data name="463" value="6223" color="B2B2B2" />
		<data name="464" value="6252" color="B2B2B2" />
		<data name="465" value="5694" color="B2B2B2" />
		<data name="466" value="5287" color="B2B2B2" />
		<data name="467" value="4973" color="B2B2B2" />
		<data name="468" value="5449" color="B2B2B2" />
		<data name="469" value="6942" color="B2B2B2" />
		<data name="470" value="8883" color="B2B2B2" />
		<data name="471" value="8045" color="B2B2B2" />
		<data name="472" value="7651" color="B2B2B2" />
		<data name="473" value="7076" color="B2B2B2" />
		<data name="474" value="7005" color="B2B2B2" />
		<data name="475" value="7320" color="B2B2B2" />
		<data name="476" value="7244" color="B2B2B2" />
		<data name="477" value="7292" color="B2B2B2" />
		<data name="478" value="7982" color="B2B2B2" />
		<data name="479" value="8435" color="B2B2B2" />
		<data name="480" value="7820" color="B2B2B2" />
		<data name="481" value="5404" color="B2B2B2" />
		<data name="482" value="5110" color="B2B2B2" />
		<data name="483" value="5797" color="B2B2B2" />
		<data name="484" value="7102" color="B2B2B2" />
		<data name="485" value="6317" color="B2B2B2" />
		<data name="486" value="6162" color="B2B2B2" />
		<data name="487" value="6851" color="B2B2B2" />
		<data name="488" value="6897" color="B2B2B2" />
		<data name="489" value="5152" color="B2B2B2" />
		<data name="490" value="5309" color="B2B2B2" />
		<data name="491" value="9049" color="B2B2B2" />
		<data name="492" value="9733" color="B2B2B2" />
		<data name="493" value="7419" color="B2B2B2" />
		<data name="494" value="7821" color="B2B2B2" />
		<data name="495" value="7230" color="B2B2B2" />
		<data name="496" value="5605" color="B2B2B2" />
		<data name="497" value="4761" color="B2B2B2" />
		<data name="498" value="3844" color="B2B2B2" />
		<data name="499" value="4404" color="B2B2B2" />
</graph>