<?xml version="1.0" encoding="utf-8"?>
<graph>
	<general_settings bg_color="FFFFFF" />
	<header text="Monthly electricity expenditures at a home" font="Verdana" color="000000" size="18" />
	<subheader text="" font="Verdana" color="000000" size="15" />
	<legend font="Verdana" font_color="000000" font_size="11" bgcolor="FFFFFF" alternate_bg_color="FFF9E1" border_color="BFBFBF" />
	<legend_popup font="Verdana" bgcolor="FFFFE3" font_size="10" />
	<pie_chart radius="120" height="35" angle_slope="45" alpha_sides="60" alpha_lines="20" />
		<data name="Heaters" value="4.24" color="FF0000" />
		<data name="Fridge" value="2.83" color="333333" />
		<data name="Stove" value="13.43" color="00FFFF" />
		<data name="Water Heating" value="58.65" color="0000FF" />
		<data name="Small Appliances" value="13.43" color="999999" />
		<data name="Washing Mashine" value="7.42" color="FFFF00" />
</graph>