<?xml version="1.0" encoding="utf-8"?>
<graph>
	<general_settings bg_color="F6F6F6" showAnchor="1" showArea="0" type_animation="1">
		<header text="Annual Economic Growth" font="Verdana" color="000000" size="18" />
		<subheader text="GDP Growth 1983-2006" font="Verdana" color="000000" size="12" />
		<legend font="Verdana" color="000000" font_size="11" />
		<legend_popup font="Verdana" bgcolor="FFFFE3" font_size="10" />
		<Xheaders rotate="90" color="000000" size="9" title="" title_color="000000" />
		<Yheaders color="000000" size="10" title="%" title_rotate="0" title_color="000000" />
		<grid showX="1" showY="1" persent_stepY_from_stepX="175" grid_width="550" grid_height="250" grid_color="000000" grid_alpha="40" grid_thickness="1" bg_color="ffffff" bg_alpha="100" alternate_bg_color="FFFCF0" border_color="000000" border_thickness="2" />
	</general_settings>
	<abscissa_data>
		<x value="1983" />
		<x value="1984" />
		<x value="1985" />
		<x value="1986" />
		<x value="1987" />
		<x value="1988" />
		<x value="1989" />
		<x value="1990" />
		<x value="1991" />
		<x value="1992" />
		<x value="1993" />
		<x value="1994" />
		<x value="1995" />
		<x value="1996" />
		<x value="1997" />
		<x value="1998" />
		<x value="1999" />
		<x value="2000" />
		<x value="2001" />
		<x value="2002" />
		<x value="2003" />
		<x value="2004" />
		<x value="2005" />
		<x value="2006" />
	</abscissa_data>
	<ordinate_data seriesName="Germany" color="0080C0" size="3.5">
		<y value="3.6" />
		<y value="7.1" />
		<y value="8.5" />
		<y value="9.2" />
		<y value="10.1" />
		<y value="11.6" />
		<y value="16.4" />
		<y value="18.0" />
		<y value="13.2" />
		<y value="12.0" />
		<y value="3.2" />
		<y value="4.1" />
		<y value="6.3" />
		<y value="9.4" />
		<y value="11.5" />
		<y value="13.5" />
		<y value="14.8" />
		<y value="16.6" />
		<y value="18.1" />
		<y value="17.0" />
		<y value="16.6" />
		<y value="14.1" />
		<y value="15.7" />
		<y value="12.0" />
	</ordinate_data>
	<ordinate_data seriesName="UK" color="FF0000" size="3.5">
		<y value="2.3" />
		<y value="4.0" />
		<y value="6.2" />
		<y value="11.8" />
		<y value="13.0" />
		<y value="13.9" />
		<y value="18.0" />
		<y value="23.3" />
		<y value="24.7" />
		<y value="18.0" />
		<y value="15.1" />
		<y value="11.3" />
		<y value="14.2" />
		<y value="13.7" />
		<y value="9.9" />
		<y value="12.1" />
		<y value="13.5" />
		<y value="15.1" />
		<y value="17.9" />
		<y value="18.9" />
		<y value="20.3" />
		<y value="20.7" />
		<y value="21.6" />
		<y value="22.5" />
	</ordinate_data>
	<ordinate_data seriesName="France" color="FF0080" size="3.5">
		<y value="2.8" />
		<y value="4.1" />
		<y value="5.1" />
		<y value="6.5" />
		<y value="12.5" />
		<y value="18.0" />
		<y value="21.0" />
		<y value="20.3" />
		<y value="19.2" />
		<y value="14.4" />
		<y value="9.2" />
		<y value="5.9" />
		<y value="5.2" />
		<y value="4.7" />
		<y value="4.2" />
		<y value="1.2" />
		<y value="5.4" />
		<y value="6.3" />
		<y value="8.9" />
		<y value="10.1" />
		<y value="11.5" />
		<y value="12.2" />
		<y value="10" />
		<y value="8.9" />
	</ordinate_data>
	<ordinate_data seriesName="USA" color="FF8040" size="3.5">
		<y value="11.5" />
		<y value="14.1" />
		<y value="17.5" />
		<y value="18.9" />
		<y value="20.8" />
		<y value="22.9" />
		<y value="25.2" />
		<y value="27.0" />
		<y value="26.5" />
		<y value="25.3" />
		<y value="23.4" />
		<y value="19.5" />
		<y value="17.8" />
		<y value="16.2" />
		<y value="15.4" />
		<y value="14.0" />
		<y value="12.5" />
		<y value="10.8" />
		<y value="8.9" />
		<y value="8.0" />
		<y value="6.2" />
		<y value="5.1" />
		<y value="3.7" />
		<y value="1.5" />
	</ordinate_data>
</graph>