﻿<?xml version="1.0" encoding="utf-8"?>
<graph>
	<general_settings bg_color="ffffff" type_graph="h" />
	<header text="AEA Alternative Energy & Energy Efficiency Projects by Program" font="Verdana" color="000000" size="17" />
	<subheader text="" font="Verdana" color="000000" size="14" />
	<legend font="Verdana" color="000000" font_size="11" />
	<legend_popup font="Verdana" bgcolor="FFFFE3" font_size="10" />
	<Xheaders rotate="0" color="000000" size="12" title="Millon" title_color="000000" />
	<Yheaders color="000000" size="12" title="Project Type (# of Projects)" title_rotate="90" title_color="000000" />
	<grid grid_width="450" grid_height="250" grid_color="000000" grid_alpha="30" grid_thickness="1" bg_color="ffffff" bg_alpha="70" alternate_bg_color="FFFAE6" border_color="000000" border_thickness="1" />
	<bars view_value="1" width="15" space="1" alpha="100" view_double_bar="1" color_double_bar="666666" pieces_grow_bar="40" />

	<data>
		<categorie name="Wind">
			<subcategorie name="Federal" value="3" color="0079BA" />
			<subcategorie name="State" value="6" color="FFE700" />
			<subcategorie name="Local" value="8" color="E7003E" />
		</categorie>
		<categorie name="Interties">
			<subcategorie name="Federal" value="-4" color="0079BA" />
			<subcategorie name="State" value="5" color="FFE700" />
			<subcategorie name="Local" value="7" color="E7003E" />
			<subcategorie name="Black" value="10" color="000000" />
		</categorie>
		<categorie name="Hydro">
			<subcategorie name="Federal" value="-9" color="0079BA" />
			<subcategorie name="State" value="1" color="FFE700" />
			<subcategorie name="Local" value="11" color="E7003E" />
		</categorie>
		<categorie name="Geothermal">
			<subcategorie name="Federal" value="-2" color="0079BA" />
			<subcategorie name="State" value="5" color="FFE700" />
			<subcategorie name="Local" value="9" color="E7003E" />
		</categorie>
		<categorie name="Conservation">
			<subcategorie name="Federal" value="3" color="0079BA" />
			<subcategorie name="State" value="8" color="FFE700" />
			<subcategorie name="Local" value="15" color="E7003E" />
		</categorie>
		<categorie name="Diessel Effic">
			<subcategorie name="Federal" value="9" color="0079BA" />
			<subcategorie name="State" value="12" color="FFE700" />
			<subcategorie name="Local" value="15" color="E7003E" />
		</categorie>
		<categorie name="Biomass">
			<subcategorie name="Federal" value="-1" color="0079BA" />
			<subcategorie name="State" value="1" color="FFE700" />
			<subcategorie name="Local" value="3" color="E7003E" />
		</categorie>
	</data>
</graph>