<?xml version="1.0" encoding="utf-8"?>
<graph>
	<general_settings bg_color="FFFFFF" />
	<header text="Election Results" font="Verdana" color="000000" size="18" />
	<subheader text="Source (Electoral Vote): 2006 Electoral Vote Totals" font="Verdana" color="000000" size="12" />
	<legend font="Verdana" font_color="000000" font_size="11" bgcolor="FFFFFF" alternate_bg_color="F2F2F2" border_color="A6A6A6" />
	<legend_popup font="Verdana" bgcolor="FFFFE3" font_size="10" />
	<pie_chart radius="120" height="35" angle_slope="60" alpha_sides="100" alpha_lines="10" />
		<data name="Bono" value="41.2" color="404040" />
		<data name="Grandy" value="27.9" color="999999" />
		<data name="Eastwood" value="30.9" color="E5E5E5" />
</graph>