<?xml version="1.0" encoding="utf-8"?>
<graph>
	<general_settings bg_color="ffffff" common_calibrationYaxis="1" showAnchor="1" type_animation="1" />
	<header text="Average temperature" font="Verdana" color="000000" size="18" />
	<subheader text="" font="Verdana" color="000000" size="15" />
	<legend font="Verdana" color="000000" font_size="11" />
	<legend_popup font="Verdana" bgcolor="FFFFE3" font_size="10" />
	<Xheaders rotate="0" color="000000" size="10" title="Years" title_color="000000" />
	<Yheaders color="000000" size="10" title_bar="Degree Centigrade" title_line="" title_rotate="0" title_color="000000" />
	<grid grid_width="500" grid_height="250" grid_color="000000" grid_alpha="30" grid_thickness="1" bg_color="ffffff" bg_alpha="70" alternate_bg_color="ffffff" border_color="000000" border_thickness="2" />

	<abscissa_data>
		<data value="1998" />
		<data value="1999" />
		<data value="2000" />
	</abscissa_data>

	<bars name="Average temperature" view_value="0" width="45" color="000000" alpha="100" view_double_bar="1" color_double_bar="666666" pieces_grow_bar="40">
		<bar value="0.21" color="0099FF" />
		<bar value="0.5" color="FF9933" />
		<bar value="-0.3" color="FF66CC" />
	</bars>

	<lines>
		<ordinate_data seriesName="Max temperature" color="7f7977" alpha="100" size="4">
			<y value="0.22" />
			<y value="0.6" />
			<y value="-0.5" />
		</ordinate_data>
	</lines>
</graph>