<?xml version="1.0" encoding="utf-8"?>
<graph>
	<general_settings bg_color="FFFFFF" show_background_side="0" background_side_color="cccccc" floor_color="cccccc" common_calibrationYaxis="0" showAnchor="1" type_animation="1" />
	<header text="National Brand Customers Consume More" font="Verdana" color="000000" size="15" />
	<subheader text="Per Capita Units" font="Verdana" color="000000" size="13" />
	<legend_popup font="Verdana" bgcolor="FFFFE3" font_size="10" />
	<Xheaders rotate="0" color="000000" size="10" title="" title_color="000000" />
	<Yheaders color="000000" size="10" title_bar="" title_line="" title_rotate="90" title_color="000000" />
	<grid groove="1" grid_width="350" grid_height="250" grid_color="000000" grid_alpha="40" grid_thickness="1" />

	<abscissa_data>
		<data value="in Department" />
		<data value="in Chain" />
		<data value="in Discount" />
	</abscissa_data>

	<bars view_value="1" width="20" thickness="10" space="1" alpha="100" pieces_grow_bar="40">
		<categorie name="in Department">
			<subcategorie name="Customers Who Prefer National Brands" value="4.4" color="333399" />
			<subcategorie name="Customers Who Prefer Private Label Brands" value="2.1" color="99cc00" />
		</categorie>
		<categorie name="in Chain">
			<subcategorie name="Customers Who Prefer National Brands" value="4.1" color="333399" />
			<subcategorie name="Customers Who Prefer Private Label Brands" value="3.0" color="99cc00" />
		</categorie>
		<categorie name="in Discount">
			<subcategorie name="Customers Who Prefer National Brands" value="7.3" color="333399" />
			<subcategorie name="Customers Who Prefer Private Label Brands" value="3.6" color="99cc00" />
		</categorie>
	</bars>

	<lines>
		<ordinate_data seriesName="Sum" color="0080C0" alpha="100" size="5">
			<y value="6.5" />
			<y value="7.1" />
			<y value="10.9" />
		</ordinate_data>
	</lines>
</graph>