<?xml version="1.0" encoding="utf-8"?>
<graph>
	<general_settings bg_color="FFFFFF" show_background_side="0" background_side_color="CCCCCC" floor_color="CCCCCC" />
	<header text="Velocité" font="Verdana" color="000000" size="18" />
	<subheader text="" font="Verdana" color="000000" size="15" />
	<legend_popup font="Verdana" bgcolor="FFFFE3" font_size="10" />
	<Xheaders rotate="0" color="000000" size="10" title="Itération" title_color="000000" />
	<Yheaders color="000000" size="10" title="" title_rotate="90" title_color="000000" />
	<grid groove="1" grid_width="550" grid_height="225" grid_color="000000" grid_alpha="40" grid_thickness="1" />
	<bars view_value="1" width="35" thickness="5" space="3" alpha="100" pieces_grow_bar="50" />
	<data>
		<categorie name="1">
			<subcategorie name="Poids des scénarios (points de scénarios)" value="30" color="FFA945" />
			<subcategorie name="Poids des tâches (jours idéaux)" value="70" color="368AC9" />
		</categorie>
		<categorie name="2">
			<subcategorie name="Poids des scénarios (points de scénarios)" value="24" color="FFA945" />
			<subcategorie name="Poids des tâches (jours idéaux)" value="15" color="368AC9" />
		</categorie>
		<categorie name="3">
			<subcategorie name="Poids des scénarios (points de scénarios)" value="60" color="FFA945" />
			<subcategorie name="Poids des tâches (jours idéaux)" value="95" color="368AC9" />
		</categorie>
		<categorie name="4">
			<subcategorie name="Poids des scénarios (points de scénarios)" value="50" color="FFA945" />
			<subcategorie name="Poids des tâches (jours idéaux)" value="75" color="368AC9" />
		</categorie>
	</data>
</graph>